{
    "accuracy": 0.9658536585365853,
    "f1": 0.9671361502347418,
    "roc_auc": 0.9821904761904762
}