{
    "accuracy": 0.8926829268292683,
    "f1": 0.897196261682243,
    "roc_auc": 0.9457142857142857
}